Index,MOSI,MISO,CLK,CS,EVENT,PB7,PC2,PC3
0,0,0,0,0,0,0,0,0
5721562,0,1,0,1,0,0,0,0
5721566,0,0,0,1,0,0,0,0
5721570,0,0,0,0,0,0,0,0
5722562,0,1,0,1,1,0,0,0
5722717,0,1,0,1,0,0,0,0
5937502,1,1,0,1,0,0,0,0
5937515,1,1,0,0,0,0,0,0
5937516,1,0,0,0,0,0,0,0
5956327,0,0,0,0,0,0,0,0
5956329,0,0,1,0,0,0,0,0
5956333,0,0,0,0,0,0,0,0
5956334,0,1,0,0,0,0,0,0
5956337,0,1,1,0,0,0,0,0
5956341,0,1,0,0,0,0,0,0
5956345,0,1,1,0,0,0,0,0
5956349,0,1,0,0,0,0,0,0
5956350,0,0,0,0,0,0,0,0
5956353,0,0,1,0,0,0,0,0
5956357,1,0,0,0,0,0,0,0
5956361,1,0,1,0,0,0,0,0
5956365,1,0,0,0,0,0,0,0
5956369,1,0,1,0,0,0,0,0
5956373,0,0,0,0,0,0,0,0
5956377,0,0,1,0,0,0,0,0
5956381,1,0,0,0,0,0,0,0
5956385,1,0,1,0,0,0,0,0
5956389,0,0,0,0,0,0,0,0
5956391,0,0,1,0,0,0,0,0
5956395,0,0,0,0,0,0,0,0
5956399,0,0,1,0,0,0,0,0
5956403,1,0,0,0,0,0,0,0
5956407,1,0,1,0,0,0,0,0
5956411,0,0,0,0,0,0,0,0
5956415,0,0,1,0,0,0,0,0
5956419,0,0,0,0,0,0,0,0
5956423,0,0,1,0,0,0,0,0
5956427,0,0,0,0,0,0,0,0
5956431,0,0,1,0,0,0,0,0
5956435,0,0,0,0,0,0,0,0
5956439,0,0,1,0,0,0,0,0
5956443,0,0,0,0,0,0,0,0
5956447,0,0,1,0,0,0,0,0
5956451,0,0,0,0,0,0,0,0
5956453,0,0,1,0,0,0,0,0
5956457,0,0,0,0,0,0,0,0
5956461,0,0,1,0,0,0,0,0
5956465,0,0,0,0,0,0,0,0
5956469,0,0,1,0,0,0,0,0
5956473,0,0,0,0,0,0,0,0
5956477,0,0,1,0,0,0,0,0
5956481,0,0,0,0,0,0,0,0
5956485,0,0,1,0,0,0,0,0
5956489,0,0,0,0,0,0,0,0
5956493,0,0,1,0,0,0,0,0
5956497,0,0,0,0,0,0,0,0
5956501,0,0,1,0,0,0,0,0
5956505,0,0,0,0,0,0,0,0
5956509,0,0,1,0,0,0,0,0
5956513,1,0,0,0,0,0,0,0
5956728,1,0,0,1,0,0,0,0
5956730,1,1,0,1,0,0,0,0
5956846,1,0,0,0,0,0,0,0
5957101,0,0,0,0,0,0,0,0
5957103,0,0,1,0,0,0,0,0
5957107,0,0,0,0,0,0,0,0
5957108,0,1,0,0,0,0,0,0
5957111,0,1,1,0,0,0,0,0
5957115,0,1,0,0,0,0,0,0
5957119,0,1,1,0,0,0,0,0
5957123,0,1,0,0,0,0,0,0
5957124,0,0,0,0,0,0,0,0
5957127,0,0,1,0,0,0,0,0
5957131,1,0,0,0,0,0,0,0
5957135,1,0,1,0,0,0,0,0
5957139,1,0,0,0,0,0,0,0
5957143,1,0,1,0,0,0,0,0
5957147,0,0,0,0,0,0,0,0
5957151,0,0,1,0,0,0,0,0
5957155,1,0,0,0,0,0,0,0
5957159,1,0,1,0,0,0,0,0
5957163,0,0,0,0,0,0,0,0
5957165,0,0,1,0,0,0,0,0
5957169,0,0,0,0,0,0,0,0
5957173,0,0,1,0,0,0,0,0
5957177,1,0,0,0,0,0,0,0
5957181,1,0,1,0,0,0,0,0
5957185,0,0,0,0,0,0,0,0
5957189,0,0,1,0,0,0,0,0
5957193,0,0,0,0,0,0,0,0
5957197,0,0,1,0,0,0,0,0
5957201,0,0,0,0,0,0,0,0
5957205,0,0,1,0,0,0,0,0
5957209,1,0,0,0,0,0,0,0
5957213,1,0,1,0,0,0,0,0
5957217,1,0,0,0,0,0,0,0
5957221,1,0,1,0,0,0,0,0
5957225,0,0,0,0,0,0,0,0
5957227,0,0,1,0,0,0,0,0
5957231,0,0,0,0,0,0,0,0
5957235,0,0,1,0,0,0,0,0
5957239,0,0,0,0,0,0,0,0
5957243,0,0,1,0,0,0,0,0
5957247,0,0,0,0,0,0,0,0
5957251,0,0,1,0,0,0,0,0
5957255,0,0,0,0,0,0,0,0
5957259,0,0,1,0,0,0,0,0
5957263,0,0,0,0,0,0,0,0
5957267,0,0,1,0,0,0,0,0
5957271,0,0,0,0,0,0,0,0
5957275,0,0,1,0,0,0,0,0
5957279,0,0,0,0,0,0,0,0
5957283,0,0,1,0,0,0,0,0
5957287,1,0,0,0,0,0,0,0
5957502,1,0,0,1,0,0,0,0
5957504,1,1,0,1,0,0,0,0
5958287,1,1,0,1,0,1,0,0
5958772,1,1,0,1,0,1,1,0
5958900,1,1,0,1,0,1,0,0
5958924,1,1,0,1,0,1,1,0
5958956,1,1,0,1,0,1,0,0
5958969,1,1,0,1,0,1,1,0
5958982,1,1,0,1,0,1,0,0
5959345,1,1,0,1,0,0,0,0
5960164,1,0,0,0,0,0,0,0
5960419,0,0,0,0,0,0,0,0
5960421,0,0,1,0,0,0,0,0
5960425,0,1,0,0,0,0,0,0
5960429,0,1,1,0,0,0,0,0
5960433,0,1,0,0,0,0,0,0
5960437,0,1,1,0,0,0,0,0
5960441,0,0,0,0,0,0,0,0
5960445,0,0,1,0,0,0,0,0
5960449,1,0,0,0,0,0,0,0
5960453,1,0,1,0,0,0,0,0
5960457,1,0,0,0,0,0,0,0
5960461,1,0,1,0,0,0,0,0
5960465,0,0,0,0,0,0,0,0
5960469,0,0,1,0,0,0,0,0
5960473,1,0,0,0,0,0,0,0
5960477,1,0,1,0,0,0,0,0
5960481,0,0,0,0,0,0,0,0
5960483,0,0,1,0,0,0,0,0
5960487,0,0,0,0,0,0,0,0
5960491,0,0,1,0,0,0,0,0
5960495,1,0,0,0,0,0,0,0
5960499,1,0,1,0,0,0,0,0
5960503,0,0,0,0,0,0,0,0
5960507,0,0,1,0,0,0,0,0
5960511,0,0,0,0,0,0,0,0
5960515,0,0,1,0,0,0,0,0
5960519,0,0,0,0,0,0,0,0
5960523,0,0,1,0,0,0,0,0
5960527,0,0,0,0,0,0,0,0
5960531,0,0,1,0,0,0,0,0
5960535,0,0,0,0,0,0,0,0
5960539,0,0,1,0,0,0,0,0
5960543,0,0,0,0,0,0,0,0
5960545,0,0,1,0,0,0,0,0
5960549,0,0,0,0,0,0,0,0
5960553,0,0,1,0,0,0,0,0
5960557,0,0,0,0,0,0,0,0
5960561,0,0,1,0,0,0,0,0
5960565,0,0,0,0,0,0,0,0
5960569,0,0,1,0,0,0,0,0
5960573,0,0,0,0,0,0,0,0
5960577,0,0,1,0,0,0,0,0
5960581,0,0,0,0,0,0,0,0
5960585,0,0,1,0,0,0,0,0
5960589,0,0,0,0,0,0,0,0
5960593,0,0,1,0,0,0,0,0
5960597,0,0,0,0,0,0,0,0
5960601,0,0,1,0,0,0,0,0
5960605,1,0,0,0,0,0,0,0
5960820,1,0,0,1,0,0,0,0
5960822,1,1,0,1,0,0,0,0
5960938,1,0,0,0,0,0,0,0
5961193,0,0,0,0,0,0,0,0
5961195,0,0,1,0,0,0,0,0
5961199,0,1,0,0,0,0,0,0
5961203,0,1,1,0,0,0,0,0
5961207,0,1,0,0,0,0,0,0
5961211,0,1,1,0,0,0,0,0
5961215,0,0,0,0,0,0,0,0
5961219,0,0,1,0,0,0,0,0
5961223,1,0,0,0,0,0,0,0
5961227,1,0,1,0,0,0,0,0
5961231,1,0,0,0,0,0,0,0
5961235,1,0,1,0,0,0,0,0
5961239,0,0,0,0,0,0,0,0
5961243,0,0,1,0,0,0,0,0
5961247,1,0,0,0,0,0,0,0
5961251,1,0,1,0,0,0,0,0
5961255,0,0,0,0,0,0,0,0
5961257,0,0,1,0,0,0,0,0
5961261,0,0,0,0,0,0,0,0
5961265,0,0,1,0,0,0,0,0
5961269,1,0,0,0,0,0,0,0
5961273,1,0,1,0,0,0,0,0
5961277,0,0,0,0,0,0,0,0
5961281,0,0,1,0,0,0,0,0
5961285,0,0,0,0,0,0,0,0
5961289,0,0,1,0,0,0,0,0
5961293,0,0,0,0,0,0,0,0
5961297,0,0,1,0,0,0,0,0
5961301,1,0,0,0,0,0,0,0
5961305,1,0,1,0,0,0,0,0
5961309,1,0,0,0,0,0,0,0
5961313,1,0,1,0,0,0,0,0
5961317,0,0,0,0,0,0,0,0
5961319,0,0,1,0,0,0,0,0
5961323,0,0,0,0,0,0,0,0
5961327,0,0,1,0,0,0,0,0
5961331,0,0,0,0,0,0,0,0
5961335,0,0,1,0,0,0,0,0
5961339,0,0,0,0,0,0,0,0
5961343,0,0,1,0,0,0,0,0
5961347,0,0,0,0,0,0,0,0
5961351,0,0,1,0,0,0,0,0
5961355,0,0,0,0,0,0,0,0
5961359,0,0,1,0,0,0,0,0
5961363,0,0,0,0,0,0,0,0
5961367,0,0,1,0,0,0,0,0
5961371,0,0,0,0,0,0,0,0
5961375,0,0,1,0,0,0,0,0
5961379,1,0,0,0,0,0,0,0
5961594,1,0,0,1,0,0,0,0
5961596,1,1,0,1,0,0,0,0
5961808,1,0,0,0,0,0,0,0
5962118,0,0,0,0,0,0,0,0
5962120,0,0,1,0,0,0,0,0
5962124,0,1,0,0,0,0,0,0
5962128,0,1,1,0,0,0,0,0
5962132,0,1,0,0,0,0,0,0
5962136,0,1,1,0,0,0,0,0
5962140,0,0,0,0,0,0,0,0
5962144,0,0,1,0,0,0,0,0
5962148,1,0,0,0,0,0,0,0
5962152,1,0,1,0,0,0,0,0
5962156,1,0,0,0,0,0,0,0
5962160,1,0,1,0,0,0,0,0
5962164,0,0,0,0,0,0,0,0
5962168,0,0,1,0,0,0,0,0
5962172,1,0,0,0,0,0,0,0
5962176,1,0,1,0,0,0,0,0
5962180,0,0,0,0,0,0,0,0
5962182,0,0,1,0,0,0,0,0
5962186,0,0,0,0,0,0,0,0
5962190,0,0,1,0,0,0,0,0
5962194,1,0,0,0,0,0,0,0
5962198,1,0,1,0,0,0,0,0
5962202,0,0,0,0,0,0,0,0
5962206,0,0,1,0,0,0,0,0
5962210,0,0,0,0,0,0,0,0
5962214,0,0,1,0,0,0,0,0
5962218,0,0,0,0,0,0,0,0
5962222,0,0,1,0,0,0,0,0
5962226,0,0,0,0,0,0,0,0
5962230,0,0,1,0,0,0,0,0
5962234,0,0,0,0,0,0,0,0
5962238,0,0,1,0,0,0,0,0
5962242,0,0,0,0,0,0,0,0
5962244,0,0,1,0,0,0,0,0
5962248,0,0,0,0,0,0,0,0
5962252,0,0,1,0,0,0,0,0
5962256,0,0,0,0,0,0,0,0
5962260,0,0,1,0,0,0,0,0
5962262,0,0,1,0,0,1,0,0
5962264,0,0,0,0,0,1,0,0
5962268,0,0,1,0,0,1,0,0
5962272,0,0,0,0,0,1,0,0
5962276,0,0,1,0,0,1,0,0
5962280,0,0,0,0,0,1,0,0
5962284,0,0,1,0,0,1,0,0
5962288,0,0,0,0,0,1,0,0
5962292,0,0,1,0,0,1,0,0
5962296,0,0,0,0,0,1,0,0
5962300,0,0,1,0,0,1,0,0
5962304,1,0,0,0,0,1,0,0
5962357,1,0,0,0,0,0,0,0
5962519,1,0,0,1,0,0,0,0
5962521,1,1,0,1,0,0,0,0
5962643,1,0,0,0,0,0,0,0
5962899,0,0,0,0,0,0,0,0
5962901,0,0,1,0,0,0,0,0
5962905,0,1,0,0,0,0,0,0
5962909,0,1,1,0,0,0,0,0
5962913,0,1,0,0,0,0,0,0
5962917,0,1,1,0,0,0,0,0
5962921,0,0,0,0,0,0,0,0
5962925,0,0,1,0,0,0,0,0
5962929,0,0,0,0,0,0,0,0
5962933,0,0,1,0,0,0,0,0
5962937,1,0,0,0,0,0,0,0
5962941,1,0,1,0,0,0,0,0
5962945,1,0,0,0,0,0,0,0
5962949,1,0,1,0,0,0,0,0
5962953,1,0,0,0,0,0,0,0
5962957,1,0,1,0,0,0,0,0
5962961,0,0,0,0,0,0,0,0
5962963,0,0,1,0,0,0,0,0
5962967,0,0,0,0,0,0,0,0
5962971,0,0,1,0,0,0,0,0
5962975,0,0,0,0,0,0,0,0
5962979,0,0,1,0,0,0,0,0
5962983,0,0,0,0,0,0,0,0
5962987,0,0,1,0,0,0,0,0
5962991,0,0,0,0,0,0,0,0
5962995,0,0,1,0,0,0,0,0
5962999,0,0,0,0,0,0,0,0
5963003,0,0,1,0,0,0,0,0
5963007,0,0,0,0,0,0,0,0
5963011,0,0,1,0,0,0,0,0
5963015,1,0,0,0,0,0,0,0
5963019,1,0,1,0,0,0,0,0
5963023,0,0,0,0,0,0,0,0
5963025,0,0,1,0,0,0,0,0
5963029,0,0,0,0,0,0,0,0
5963033,0,0,1,0,0,0,0,0
5963037,0,0,0,0,0,0,0,0
5963041,0,0,1,0,0,0,0,0
5963045,0,0,0,0,0,0,0,0
5963049,0,0,1,0,0,0,0,0
5963053,0,0,0,0,0,0,0,0
5963057,0,0,1,0,0,0,0,0
5963061,0,0,0,0,0,0,0,0
5963065,0,0,1,0,0,0,0,0
5963069,1,0,0,0,0,0,0,0
5963073,1,0,1,0,0,0,0,0
5963077,0,0,0,0,0,0,0,0
5963081,0,0,1,0,0,0,0,0
5963085,1,0,0,0,0,0,0,0
5963087,1,0,1,0,0,0,0,0
5963091,1,0,0,0,0,0,0,0
5963095,1,0,1,0,0,0,0,0
5963099,1,0,0,0,0,0,0,0
5963103,1,0,1,0,0,0,0,0
5963107,1,0,0,0,0,0,0,0
5963111,1,0,1,0,0,0,0,0
5963115,0,0,0,0,0,0,0,0
5963119,0,0,1,0,0,0,0,0
5963123,0,0,0,0,0,0,0,0
5963127,0,0,1,0,0,0,0,0
5963131,1,0,0,0,0,0,0,0
5963135,1,0,1,0,0,0,0,0
5963139,1,0,0,0,0,0,0,0
5963143,1,0,1,0,0,0,0,0
5963147,1,1,0,0,0,0,0,0
5963149,1,1,1,0,0,0,0,0
5963153,0,1,0,0,0,0,0,0
5963157,0,1,1,0,0,0,0,0
5963161,0,1,0,0,0,0,0,0
5963165,0,1,1,0,0,0,0,0
5963169,0,1,0,0,0,0,0,0
5963173,0,1,1,0,0,0,0,0
5963177,0,0,0,0,0,0,0,0
5963181,0,0,1,0,0,0,0,0
5963185,1,0,0,0,0,0,0,0
5963189,1,0,1,0,0,0,0,0
5963193,0,1,0,0,0,0,0,0
5963197,0,1,1,0,0,0,0,0
5963201,0,1,0,0,0,0,0,0
5963205,0,1,1,0,0,0,0,0
5963209,1,1,0,0,0,0,0,0
5963416,1,1,0,1,0,0,0,0
5963539,1,1,0,0,0,0,0,0
5963564,1,0,0,0,0,0,0,0
5963795,0,0,0,0,0,0,0,0
5963797,0,0,1,0,0,0,0,0
5963801,0,1,0,0,0,0,0,0
5963805,0,1,1,0,0,0,0,0
5963809,0,1,0,0,0,0,0,0
5963813,0,1,1,0,0,0,0,0
5963817,0,0,0,0,0,0,0,0
5963821,0,0,1,0,0,0,0,0
5963825,1,0,0,0,0,0,0,0
5963829,1,0,1,0,0,0,0,0
5963833,0,0,0,0,0,0,0,0
5963837,0,0,1,0,0,0,0,0
5963841,0,0,0,0,0,0,0,0
5963845,0,0,1,0,0,0,0,0
5963849,0,0,0,0,0,0,0,0
5963853,0,0,1,0,0,0,0,0
5963857,0,0,0,0,0,0,0,0
5963859,0,0,1,0,0,0,0,0
5963863,0,0,0,0,0,0,0,0
5963867,0,0,1,0,0,0,0,0
5963871,0,0,0,0,0,0,0,0
5963875,0,0,1,0,0,0,0,0
5963879,0,0,0,0,0,0,0,0
5963883,0,0,1,0,0,0,0,0
5963887,0,0,0,0,0,0,0,0
5963891,0,0,1,0,0,0,0,0
5963895,0,0,0,0,0,0,0,0
5963899,0,0,1,0,0,0,0,0
5963903,0,0,0,0,0,0,0,0
5963907,0,0,1,0,0,0,0,0
5963911,1,0,0,0,0,0,0,0
5963915,1,0,1,0,0,0,0,0
5963919,0,0,0,0,0,0,0,0
5963921,0,0,1,0,0,0,0,0
5963925,0,0,0,0,0,0,0,0
5963929,0,0,1,0,0,0,0,0
5963933,0,0,0,0,0,0,0,0
5963937,0,0,1,0,0,0,0,0
5963941,0,0,0,0,0,0,0,0
5963945,0,0,1,0,0,0,0,0
5963949,0,0,0,0,0,0,0,0
5963953,0,0,1,0,0,0,0,0
5963957,0,0,0,0,0,0,0,0
5963961,0,0,1,0,0,0,0,0
5963965,1,0,0,0,0,0,0,0
5963969,1,0,1,0,0,0,0,0
5963973,0,0,0,0,0,0,0,0
5963977,0,0,1,0,0,0,0,0
5963981,1,0,0,0,0,0,0,0
5963983,1,0,1,0,0,0,0,0
5963987,1,0,0,0,0,0,0,0
5963991,1,0,1,0,0,0,0,0
5963995,1,0,0,0,0,0,0,0
5963999,1,0,1,0,0,0,0,0
5964003,1,0,0,0,0,0,0,0
5964007,1,0,1,0,0,0,0,0
5964011,0,0,0,0,0,0,0,0
5964015,0,0,1,0,0,0,0,0
5964019,0,0,0,0,0,0,0,0
5964023,0,0,1,0,0,0,0,0
5964027,1,0,0,0,0,0,0,0
5964031,1,0,1,0,0,0,0,0
5964035,1,0,0,0,0,0,0,0
5964039,1,0,1,0,0,0,0,0
5964043,0,1,0,0,0,0,0,0
5964044,0,0,0,0,0,0,0,0
5964045,0,0,1,0,0,0,0,0
5964049,0,0,0,0,0,0,0,0
5964053,0,0,1,0,0,0,0,0
5964057,0,0,0,0,0,0,0,0
5964061,0,0,1,0,0,0,0,0
5964065,0,0,0,0,0,0,0,0
5964069,0,0,1,0,0,0,0,0
5964073,0,0,0,0,0,0,0,0
5964077,0,0,1,0,0,0,0,0
5964081,0,0,0,0,0,0,0,0
5964085,0,0,1,0,0,0,0,0
5964089,0,0,0,0,0,0,0,0
5964093,0,0,1,0,0,0,0,0
5964097,0,0,0,0,0,0,0,0
5964101,0,0,1,0,0,0,0,0
5964105,0,0,0,0,0,0,0,0
5964106,0,1,0,0,0,0,0,0
5964107,0,1,1,0,0,0,0,0
5964111,0,0,0,0,0,0,0,0
5964115,0,0,1,0,0,0,0,0
5964119,0,0,0,0,0,0,0,0
5964123,0,0,1,0,0,0,0,0
5964127,0,0,0,0,0,0,0,0
5964131,0,0,1,0,0,0,0,0
5964135,0,0,0,0,0,0,0,0
5964139,0,0,1,0,0,0,0,0
5964143,0,1,0,0,0,0,0,0
5964147,0,1,1,0,0,0,0,0
5964151,0,0,0,0,0,0,0,0
5964155,0,0,1,0,0,0,0,0
5964159,0,0,0,0,0,0,0,0
5964163,0,0,1,0,0,0,0,0
5964167,1,0,0,0,0,0,0,0
5964380,1,0,0,1,0,0,0,0
5964382,1,1,0,1,0,0,0,0
5964520,1,0,0,0,0,0,0,0
5964776,0,0,0,0,0,0,0,0
5964778,0,0,1,0,0,0,0,0
5964782,0,1,0,0,0,0,0,0
5964786,0,1,1,0,0,0,0,0
5964790,0,1,0,0,0,0,0,0
5964794,0,1,1,0,0,0,0,0
5964798,0,0,0,0,0,0,0,0
5964802,0,0,1,0,0,0,0,0
5964806,0,0,0,0,0,0,0,0
5964810,0,0,1,0,0,0,0,0
5964814,1,0,0,0,0,0,0,0
5964818,1,0,1,0,0,0,0,0
5964822,1,0,0,0,0,0,0,0
5964826,1,0,1,0,0,0,0,0
5964830,1,0,0,0,0,0,0,0
5964834,1,0,1,0,0,0,0,0
5964838,0,0,0,0,0,0,0,0
5964840,0,0,1,0,0,0,0,0
5964844,0,0,0,0,0,0,0,0
5964848,0,0,1,0,0,0,0,0
5964852,0,0,0,0,0,0,0,0
5964856,0,0,1,0,0,0,0,0
5964860,0,0,0,0,0,0,0,0
5964864,0,0,1,0,0,0,0,0
5964868,0,0,0,0,0,0,0,0
5964872,0,0,1,0,0,0,0,0
5964876,1,0,0,0,0,0,0,0
5964880,1,0,1,0,0,0,0,0
5964884,0,0,0,0,0,0,0,0
5964888,0,0,1,0,0,0,0,0
5964892,1,0,0,0,0,0,0,0
5964896,1,0,1,0,0,0,0,0
5964900,0,0,0,0,0,0,0,0
5964902,0,0,1,0,0,0,0,0
5964906,0,0,0,0,0,0,0,0
5964910,0,0,1,0,0,0,0,0
5964914,0,0,0,0,0,0,0,0
5964918,0,0,1,0,0,0,0,0
5964922,0,0,0,0,0,0,0,0
5964926,0,0,1,0,0,0,0,0
5964930,0,0,0,0,0,0,0,0
5964934,0,0,1,0,0,0,0,0
5964938,0,0,0,0,0,0,0,0
5964942,0,0,1,0,0,0,0,0
5964946,1,0,0,0,0,0,0,0
5964950,1,0,1,0,0,0,0,0
5964954,1,0,0,0,0,0,0,0
5964958,1,0,1,0,0,0,0,0
5964962,0,0,0,0,0,0,0,0
5964964,0,0,1,0,0,0,0,0
5964968,0,0,0,0,0,0,0,0
5964972,0,0,1,0,0,0,0,0
5964976,0,0,0,0,0,0,0,0
5964980,0,0,1,0,0,0,0,0
5964984,0,0,0,0,0,0,0,0
5964988,0,0,1,0,0,0,0,0
5964992,0,0,0,0,0,0,0,0
5964996,0,0,1,0,0,0,0,0
5965000,0,0,0,0,0,0,0,0
5965004,0,0,1,0,0,0,0,0
5965008,1,0,0,0,0,0,0,0
5965012,1,0,1,0,0,0,0,0
5965016,0,0,0,0,0,0,0,0
5965020,0,0,1,0,0,0,0,0
5965024,1,0,0,0,0,0,0,0
5965026,1,0,1,0,0,0,0,0
5965030,0,0,0,0,0,0,0,0
5965034,0,0,1,0,0,0,0,0
5965038,0,0,0,0,0,0,0,0
5965042,0,0,1,0,0,0,0,0
5965046,1,0,0,0,0,0,0,0
5965050,1,0,1,0,0,0,0,0
5965054,1,0,0,0,0,0,0,0
5965058,1,0,1,0,0,0,0,0
5965062,1,0,0,0,0,0,0,0
5965066,1,0,1,0,0,0,0,0
5965070,0,1,0,0,0,0,0,0
5965074,0,1,1,0,0,0,0,0
5965078,0,0,0,0,0,0,0,0
5965082,0,0,1,0,0,0,0,0
5965086,0,1,0,0,0,0,0,0
5965088,0,1,1,0,0,0,0,0
5965092,0,0,0,0,0,0,0,0
5965096,0,0,1,0,0,0,0,0
5965100,0,0,0,0,0,0,0,0
5965104,0,0,1,0,0,0,0,0
5965108,0,1,0,0,0,0,0,0
5965112,0,1,1,0,0,0,0,0
5965116,1,1,0,0,0,0,0,0
5965120,1,1,1,0,0,0,0,0
5965124,0,1,0,0,0,0,0,0
5965128,0,1,1,0,0,0,0,0
5965132,0,0,0,0,0,0,0,0
5965136,0,0,1,0,0,0,0,0
5965140,0,0,0,0,0,0,0,0
5965144,0,0,1,0,0,0,0,0
5965148,0,0,0,0,0,0,0,0
5965150,0,0,1,0,0,0,0,0
5965154,0,0,0,0,0,0,0,0
5965158,0,0,1,0,0,0,0,0
5965162,1,0,0,0,0,0,0,0
5965166,1,0,1,0,0,0,0,0
5965170,0,0,0,0,0,0,0,0
5965174,0,0,1,0,0,0,0,0
5965178,0,1,0,0,0,0,0,0
5965182,0,1,1,0,0,0,0,0
5965186,0,0,0,0,0,0,0,0
5965190,0,0,1,0,0,0,0,0
5965194,0,0,0,0,0,0,0,0
5965198,0,0,1,0,0,0,0,0
5965202,1,0,0,0,0,0,0,0
5965206,1,0,1,0,0,0,0,0
5965210,0,0,0,0,0,0,0,0
5965212,0,0,1,0,0,0,0,0
5965216,1,0,0,0,0,0,0,0
5965220,1,0,1,0,0,0,0,0
5965224,0,1,0,0,0,0,0,0
5965228,0,1,1,0,0,0,0,0
5965232,0,0,0,0,0,0,0,0
5965236,0,0,1,0,0,0,0,0
5965240,0,0,0,0,0,0,0,0
5965244,0,0,1,0,0,0,0,0
5965248,0,0,0,0,0,0,0,0
5965252,0,0,1,0,0,0,0,0
5965256,0,0,0,0,0,0,0,0
5965260,0,0,1,0,0,0,0,0
5965264,0,1,0,0,0,0,0,0
5965268,0,1,1,0,0,0,0,0
5965272,0,0,0,0,0,0,0,0
5965274,0,0,1,0,0,0,0,0
5965278,0,1,0,0,0,0,0,0
5965282,0,1,1,0,0,0,0,0
5965286,1,0,0,0,0,0,0,0
5965290,1,0,1,0,0,0,0,0
5965294,0,0,0,0,0,0,0,0
5965297,0,0,1,0,0,0,0,0
5965302,0,0,0,0,0,0,0,0
5965305,0,0,1,0,0,0,0,0
5965309,0,0,0,0,0,0,0,0
5965313,0,0,1,0,0,0,0,0
5965317,1,0,0,0,0,0,0,0
5965321,1,0,1,0,0,0,0,0
5965325,1,0,0,0,0,0,0,0
5965329,1,0,1,0,0,0,0,0
5965333,1,0,0,0,0,0,0,0
5965570,1,0,0,1,0,0,0,0
5965572,1,1,0,1,0,0,0,0
5965704,1,0,0,0,0,0,0,0
5965960,0,0,0,0,0,0,0,0
5965962,0,0,1,0,0,0,0,0
5965966,0,1,0,0,0,0,0,0
5965970,0,1,1,0,0,0,0,0
5965974,0,1,0,0,0,0,0,0
5965978,0,1,1,0,0,0,0,0
5965982,0,0,0,0,0,0,0,0
5965986,0,0,1,0,0,0,0,0
5965990,1,0,0,0,0,0,0,0
5965994,1,0,1,0,0,0,0,0
5965998,0,0,0,0,0,0,0,0
5966002,0,0,1,0,0,0,0,0
5966006,0,0,0,0,0,0,0,0
5966010,0,0,1,0,0,0,0,0
5966014,0,0,0,0,0,0,0,0
5966018,0,0,1,0,0,0,0,0
5966022,0,0,0,0,0,0,0,0
5966024,0,0,1,0,0,0,0,0
5966028,0,0,0,0,0,0,0,0
5966032,0,0,1,0,0,0,0,0
5966036,0,0,0,0,0,0,0,0
5966040,0,0,1,0,0,0,0,0
5966044,0,0,0,0,0,0,0,0
5966048,0,0,1,0,0,0,0,0
5966052,0,0,0,0,0,0,0,0
5966056,0,0,1,0,0,0,0,0
5966060,1,0,0,0,0,0,0,0
5966064,1,0,1,0,0,0,0,0
5966068,0,0,0,0,0,0,0,0
5966072,0,0,1,0,0,0,0,0
5966076,1,0,0,0,0,0,0,0
5966079,1,0,1,0,0,0,0,0
5966083,1,0,0,0,0,0,0,0
5966084,0,0,0,0,0,0,0,0
5966085,0,0,1,0,0,0,0,0
5966089,0,0,0,0,0,0,0,0
5966093,0,0,1,0,0,0,0,0
5966097,0,0,0,0,0,0,0,0
5966101,0,0,1,0,0,0,0,0
5966105,0,0,0,0,0,0,0,0
5966109,0,0,1,0,0,0,0,0
5966113,0,0,0,0,0,0,0,0
5966117,0,0,1,0,0,0,0,0
5966121,0,0,0,0,0,0,0,0
5966125,0,0,1,0,0,0,0,0
5966129,1,0,0,0,0,0,0,0
5966133,1,0,1,0,0,0,0,0
5966137,1,0,0,0,0,0,0,0
5966141,1,0,1,0,0,0,0,0
5966145,0,0,0,0,0,0,0,0
5966147,0,0,1,0,0,0,0,0
5966151,0,0,0,0,0,0,0,0
5966155,0,0,1,0,0,0,0,0
5966159,0,0,0,0,0,0,0,0
5966163,0,0,1,0,0,0,0,0
5966167,0,0,0,0,0,0,0,0
5966171,0,0,1,0,0,0,0,0
5966175,0,0,0,0,0,0,0,0
5966179,0,0,1,0,0,0,0,0
5966183,0,0,0,0,0,0,0,0
5966187,0,0,1,0,0,0,0,0
5966191,1,0,0,0,0,0,0,0
5966195,1,0,1,0,0,0,0,0
5966199,0,0,0,0,0,0,0,0
5966203,0,0,1,0,0,0,0,0
5966207,0,0,0,0,0,0,0,0
5966209,0,0,1,0,0,0,0,0
5966213,0,0,0,0,0,0,0,0
5966217,0,0,1,0,0,0,0,0
5966221,0,0,0,0,0,0,0,0
5966225,0,0,1,0,0,0,0,0
5966229,0,0,0,0,0,0,0,0
5966233,0,0,1,0,0,0,0,0
5966237,0,0,0,0,0,0,0,0
5966241,0,0,1,0,0,0,0,0
5966245,0,0,0,0,0,0,0,0
5966249,0,0,1,0,0,0,0,0
5966253,0,0,0,0,0,0,0,0
5966257,0,0,1,0,0,0,0,0
5966261,0,0,0,0,0,0,0,0
5966265,0,0,1,0,0,0,0,0
5966269,0,0,0,0,0,0,0,0
5966270,0,1,0,0,0,0,0,0
5966271,0,1,1,0,0,0,0,0
5966275,0,1,0,0,0,0,0,0
5966276,0,0,0,0,0,0,0,0
5966279,0,0,1,0,0,0,0,0
5966283,0,0,0,0,0,0,0,0
5966287,0,0,1,0,0,0,0,0
5966291,0,1,0,0,0,0,0,0
5966295,0,1,1,0,0,0,0,0
5966299,0,1,0,0,0,0,0,0
5966303,0,1,1,0,0,0,0,0
5966307,0,1,0,0,0,0,0,0
5966311,0,1,1,0,0,0,0,0
5966315,0,0,0,0,0,0,0,0
5966319,0,0,1,0,0,0,0,0
5966323,0,0,0,0,0,0,0,0
5966327,0,0,1,0,0,0,0,0
5966331,0,0,0,0,0,0,0,0
5966333,0,0,1,0,0,0,0,0
5966337,0,0,0,0,0,0,0,0
5966341,0,0,1,0,0,0,0,0
5966345,0,0,0,0,0,0,0,0
5966349,0,0,1,0,0,0,0,0
5966353,0,0,0,0,0,0,0,0
5966357,0,0,1,0,0,0,0,0
5966361,0,1,0,0,0,0,0,0
5966365,0,1,1,0,0,0,0,0
5966369,0,0,0,0,0,0,0,0
5966373,0,0,1,0,0,0,0,0
5966377,0,0,0,0,0,0,0,0
5966381,0,0,1,0,0,0,0,0
5966385,0,0,0,0,0,0,0,0
5966389,0,0,1,0,0,0,0,0
5966393,0,0,0,0,0,0,0,0
5966395,0,0,1,0,0,0,0,0
5966399,0,0,0,0,0,0,0,0
5966403,0,0,1,0,0,0,0,0
5966407,0,1,0,0,0,0,0,0
5966411,0,1,1,0,0,0,0,0
5966415,0,0,0,0,0,0,0,0
5966419,0,0,1,0,0,0,0,0
5966423,0,0,0,0,0,0,0,0
5966427,0,0,1,0,0,0,0,0
5966431,0,0,0,0,0,0,0,0
5966435,0,0,1,0,0,0,0,0
5966439,0,0,0,0,0,0,0,0
5966443,0,0,1,0,0,0,0,0
5966447,0,1,0,0,0,0,0,0
5966451,0,1,1,0,0,0,0,0
5966455,0,0,0,0,0,0,0,0
5966457,0,0,1,0,0,0,0,0
5966461,0,1,0,0,0,0,0,0
5966465,0,1,1,0,0,0,0,0
5966469,0,0,0,0,0,0,0,0
5966473,0,0,1,0,0,0,0,0
5966477,0,0,0,0,0,0,0,0
5966481,0,0,1,0,0,0,0,0
5966485,0,0,0,0,0,0,0,0
5966489,0,0,1,0,0,0,0,0
5966493,0,0,0,0,0,0,0,0
5966497,0,0,1,0,0,0,0,0
5966501,0,0,0,0,0,0,0,0
5966505,0,0,1,0,0,0,0,0
5966509,0,0,0,0,0,0,0,0
5966513,0,0,1,0,0,0,0,0
5966517,0,0,0,0,0,0,0,0
5966519,0,0,1,0,0,0,0,0
5966523,0,0,0,0,0,0,0,0
5966527,0,0,1,0,0,0,0,0
5966531,0,1,0,0,0,0,0,0
5966535,0,1,1,0,0,0,0,0
5966539,0,0,0,0,0,0,0,0
5966543,0,0,1,0,0,0,0,0
5966547,0,0,0,0,0,0,0,0
5966551,0,0,1,0,0,0,0,0
5966555,0,0,0,0,0,0,0,0
5966559,0,0,1,0,0,0,0,0
5966563,0,1,0,0,0,0,0,0
5966567,0,1,1,0,0,0,0,0
5966571,0,1,0,0,0,0,0,0
5966575,0,1,1,0,0,0,0,0
5966579,1,0,0,0,0,0,0,0
5966794,1,0,0,1,0,0,0,0
5966796,1,1,0,1,0,0,0,0
5966993,1,0,0,0,0,0,0,0
5967248,0,0,0,0,0,0,0,0
5967250,0,0,1,0,0,0,0,0
5967254,0,1,0,0,0,0,0,0
5967258,0,1,1,0,0,0,0,0
5967262,0,1,0,0,0,0,0,0
5967266,0,1,1,0,0,0,0,0
5967270,0,0,0,0,0,0,0,0
5967274,0,0,1,0,0,0,0,0
5967278,1,0,0,0,0,0,0,0
5967282,1,0,1,0,0,0,0,0
5967286,1,0,0,0,0,0,0,0
5967290,1,0,1,0,0,0,0,0
5967294,0,0,0,0,0,0,0,0
5967298,0,0,1,0,0,0,0,0
5967302,1,0,0,0,0,0,0,0
5967306,1,0,1,0,0,0,0,0
5967310,0,0,0,0,0,0,0,0
5967312,0,0,1,0,0,0,0,0
5967316,0,0,0,0,0,0,0,0
5967320,0,0,1,0,0,0,0,0
5967324,1,0,0,0,0,0,0,0
5967328,1,0,1,0,0,0,0,0
5967332,0,0,0,0,0,0,0,0
5967336,0,0,1,0,0,0,0,0
5967340,0,0,0,0,0,0,0,0
5967344,0,0,1,0,0,0,0,0
5967348,0,0,0,0,0,0,0,0
5967352,0,0,1,0,0,0,0,0
5967356,0,0,0,0,0,0,0,0
5967360,0,0,1,0,0,0,0,0
5967364,0,0,0,0,0,0,0,0
5967368,0,0,1,0,0,0,0,0
5967372,0,0,0,0,0,0,0,0
5967374,0,0,1,0,0,0,0,0
5967378,0,0,0,0,0,0,0,0
5967382,0,0,1,0,0,0,0,0
5967386,0,0,0,0,0,0,0,0
5967390,0,0,1,0,0,0,0,0
5967394,0,0,0,0,0,0,0,0
5967398,0,0,1,0,0,0,0,0
5967402,0,0,0,0,0,0,0,0
5967406,0,0,1,0,0,0,0,0
5967410,0,0,0,0,0,0,0,0
5967414,0,0,1,0,0,0,0,0
5967418,0,0,0,0,0,0,0,0
5967422,0,0,1,0,0,0,0,0
5967426,0,0,0,0,0,0,0,0
5967430,0,0,1,0,0,0,0,0
5967434,1,0,0,0,0,0,0,0
5967649,1,0,0,1,0,0,0,0
5967651,1,1,0,1,0,0,0,0
5967767,1,0,0,0,0,0,0,0
5968022,0,0,0,0,0,0,0,0
5968024,0,0,1,0,0,0,0,0
5968028,0,1,0,0,0,0,0,0
5968032,0,1,1,0,0,0,0,0
5968036,0,1,0,0,0,0,0,0
5968040,0,1,1,0,0,0,0,0
5968044,0,0,0,0,0,0,0,0
5968048,0,0,1,0,0,0,0,0
5968052,1,0,0,0,0,0,0,0
5968056,1,0,1,0,0,0,0,0
5968060,1,0,0,0,0,0,0,0
5968064,1,0,1,0,0,0,0,0
5968068,0,0,0,0,0,0,0,0
5968072,0,0,1,0,0,0,0,0
5968076,1,0,0,0,0,0,0,0
5968080,1,0,1,0,0,0,0,0
5968084,0,0,0,0,0,0,0,0
5968086,0,0,1,0,0,0,0,0
5968090,0,0,0,0,0,0,0,0
5968094,0,0,1,0,0,0,0,0
5968098,1,0,0,0,0,0,0,0
5968102,1,0,1,0,0,0,0,0
5968106,0,0,0,0,0,0,0,0
5968110,0,0,1,0,0,0,0,0
5968114,0,0,0,0,0,0,0,0
5968118,0,0,1,0,0,0,0,0
5968122,0,0,0,0,0,0,0,0
5968126,0,0,1,0,0,0,0,0
5968130,1,0,0,0,0,0,0,0
5968134,1,0,1,0,0,0,0,0
5968138,1,0,0,0,0,0,0,0
5968142,1,0,1,0,0,0,0,0
5968146,0,0,0,0,0,0,0,0
5968148,0,0,1,0,0,0,0,0
5968152,0,0,0,0,0,0,0,0
5968156,0,0,1,0,0,0,0,0
5968160,0,0,0,0,0,0,0,0
5968164,0,0,1,0,0,0,0,0
5968168,0,0,0,0,0,0,0,0
5968172,0,0,1,0,0,0,0,0
5968176,0,0,0,0,0,0,0,0
5968180,0,0,1,0,0,0,0,0
5968184,0,0,0,0,0,0,0,0
5968188,0,0,1,0,0,0,0,0
5968192,0,0,0,0,0,0,0,0
5968196,0,0,1,0,0,0,0,0
5968200,0,0,0,0,0,0,0,0
5968204,0,0,1,0,0,0,0,0
5968208,1,0,0,0,0,0,0,0
5968421,1,0,0,1,0,0,0,0
5968423,1,1,0,1,0,0,0,0
5969063,1,1,0,1,0,1,0,0
5969548,1,1,0,1,0,1,1,0
5969676,1,1,0,1,0,1,0,0
5969730,1,1,0,1,0,1,1,0
5969817,1,1,0,1,0,1,0,0
5970182,1,1,0,1,0,0,0,0
5979225,1,1,0,1,0,1,0,0
5979711,1,1,0,1,0,1,1,0
5979964,1,1,0,1,0,1,0,0
5979972,1,1,0,1,0,1,1,0
5980283,1,1,0,1,0,1,0,0
5980650,1,1,0,1,0,1,1,0
5980897,1,1,0,1,0,1,0,0
5981245,1,1,0,1,0,0,0,0
5989249,1,1,0,1,0,1,0,0
5989734,1,1,0,1,0,1,1,0
5989878,1,1,0,1,0,1,0,0
5989985,1,1,0,1,0,1,1,0
5990022,1,1,0,1,0,1,0,0
5990308,1,1,0,1,0,0,0,0
5999224,1,1,0,1,0,1,0,0
5999710,1,1,0,1,0,1,1,0
5999907,1,1,0,1,0,1,0,0
5999947,1,1,0,1,0,1,1,0
5999979,1,1,0,1,0,1,0,0
6000458,1,1,0,1,0,1,1,0
6000497,1,1,0,1,0,1,0,0
6000593,1,1,0,1,0,1,1,0
6000617,1,1,0,1,0,1,0,0
6001172,1,1,0,1,0,0,0,0
6009245,1,1,0,1,0,1,0,0
6009730,1,1,0,1,0,1,1,0
6009885,1,1,0,1,0,1,0,0
6009914,1,1,0,1,0,1,1,0
6010039,1,1,0,1,0,1,0,0
6010324,1,1,0,1,0,0,0,0
6019181,1,1,0,1,0,1,0,0
6019667,1,1,0,1,0,1,1,0
6019864,1,1,0,1,0,1,0,0
6019928,1,1,0,1,0,1,1,0
6020486,1,1,0,1,0,1,0,0
6020694,1,1,0,1,0,1,1,0
6021151,1,1,0,1,0,1,0,0
6021440,1,1,0,1,0,0,0,0
6029239,1,1,0,1,0,1,0,0
6029725,1,1,0,1,0,1,1,0
6029853,1,1,0,1,0,1,0,0
6029866,1,1,0,1,0,1,1,0
6029877,1,1,0,1,0,1,0,0
6029970,1,1,0,1,0,1,1,0
6030042,1,1,0,1,0,1,0,0
6030327,1,1,0,1,0,0,0,0
6039180,1,1,0,1,0,1,0,0
6039666,1,1,0,1,0,1,1,0
6039863,1,1,0,1,0,1,0,0
6039895,1,1,0,1,0,1,1,0
6039959,1,1,0,1,0,1,0,0
6040238,1,1,0,1,0,1,1,0
6040493,1,1,0,1,0,1,0,0
6040549,1,1,0,1,0,1,1,0
6040791,1,1,0,1,0,1,0,0
6041080,1,1,0,1,0,0,0,0
6049203,1,1,0,1,0,1,0,0
6049688,1,1,0,1,0,1,1,0
6049849,1,1,0,1,0,1,0,0
6049957,1,1,0,1,0,1,1,0
6049958,1,1,0,1,0,1,0,0
6050243,1,1,0,1,0,0,0,0
6059214,1,1,0,1,0,1,0,0
6059699,1,1,0,1,0,1,1,0
6059897,1,1,0,1,0,1,0,0
6059944,1,1,0,1,0,1,1,0
6059960,1,1,0,1,0,1,0,0
6060319,1,1,0,1,0,1,1,0
6060750,1,1,0,1,0,1,0,0
6061201,1,1,0,1,0,0,0,0
6069199,1,1,0,1,0,1,0,0
6069684,1,1,0,1,0,1,1,0
6069828,1,1,0,1,0,1,0,0
6069876,1,1,0,1,0,1,1,0
6069945,1,1,0,1,0,1,0,0
6070231,1,1,0,1,0,0,0,0
6079213,1,1,0,1,0,1,0,0
6079699,1,1,0,1,0,1,1,0
6079896,1,1,0,1,0,1,0,0
6079984,1,1,0,1,0,1,1,0
6080415,1,1,0,1,0,1,0,0
6080678,1,1,0,1,0,1,1,0
6080952,1,1,0,1,0,1,0,0
6081241,1,1,0,1,0,0,0,0
6089197,1,1,0,1,0,1,0,0
6089682,1,1,0,1,0,1,1,0
6089810,1,1,0,1,0,1,0,0
6089824,1,1,0,1,0,1,1,0
6089877,1,1,0,1,0,1,0,0
6090221,1,1,0,1,0,0,0,0
6099172,1,1,0,1,0,1,0,0
6099657,1,1,0,1,0,1,1,0
6100006,1,1,0,1,0,1,0,0
6100277,1,1,0,1,0,1,1,0
6100644,1,1,0,1,0,1,0,0
6100708,1,1,0,1,0,1,1,0
6100750,1,1,0,1,0,1,0,0
6101039,1,1,0,1,0,0,0,0
6109196,1,1,0,1,0,1,0,0
6109681,1,1,0,1,0,1,1,0
6109865,1,1,0,1,0,1,0,0
6109968,1,1,0,1,0,1,1,0
6109969,1,1,0,1,0,1,0,0
6110254,1,1,0,1,0,0,0,0
6119209,1,1,0,1,0,1,0,0
6119695,1,1,0,1,0,1,1,0
6119892,1,1,0,1,0,1,0,0
6120020,1,1,0,1,0,1,1,0
6120219,1,1,0,1,0,1,0,0
6120427,1,1,0,1,0,1,1,0
6120506,1,1,0,1,0,1,0,0
6120610,1,1,0,1,0,1,1,0
6120674,1,1,0,1,0,1,0,0
6120698,1,1,0,1,0,1,1,0
6120810,1,1,0,1,0,1,0,0
6121117,1,1,0,1,0,0,0,0
6129194,1,1,0,1,0,1,0,0
6129679,1,1,0,1,0,1,1,0
6129807,1,1,0,1,0,1,0,0
6129938,1,1,0,1,0,1,1,0
6129996,1,1,0,1,0,1,0,0
6130281,1,1,0,1,0,0,0,0
6139171,1,1,0,1,0,1,0,0
6139657,1,1,0,1,0,1,1,0
6139886,1,1,0,1,0,1,0,0
6139918,1,1,0,1,0,1,1,0
6140309,1,1,0,1,0,1,0,0
6140580,1,1,0,1,0,1,1,0
6140803,1,1,0,1,0,1,0,0
6140811,1,1,0,1,0,1,1,0
6140846,1,1,0,1,0,1,0,0
6141135,1,1,0,1,0,0,0,0
6149234,1,1,0,1,0,1,0,0
6149719,1,1,0,1,0,1,1,0
6149863,1,1,0,1,0,1,0,0
6149868,1,1,0,1,0,1,1,0
6149964,1,1,0,1,0,1,0,0
6149988,1,1,0,1,0,1,1,0
6150009,1,1,0,1,0,1,0,0
6150028,1,1,0,1,0,1,1,0
6150078,1,1,0,1,0,1,0,0
6150364,1,1,0,1,0,0,0,0
6159169,1,1,0,1,0,1,0,0
6159655,1,1,0,1,0,1,1,0
6159852,1,1,0,1,0,1,0,0
6159916,1,1,0,1,0,1,1,0
6160395,1,1,0,1,0,1,0,0
6160690,1,1,0,1,0,1,1,0
6160722,1,1,0,1,0,1,0,0
6160754,1,1,0,1,0,1,1,0
6160849,1,1,0,1,0,1,0,0
6161221,1,1,0,1,0,0,0,0
6169193,1,1,0,1,0,1,0,0
6169678,1,1,0,1,0,1,1,0
6169851,1,1,0,1,0,1,0,0
6169971,1,1,0,1,0,1,1,0
6169982,1,1,0,1,0,1,0,0
6170267,1,1,0,1,0,0,0,0
6179206,1,1,0,1,0,1,0,0
6179692,1,1,0,1,0,1,1,0
6179961,1,1,0,1,0,1,0,0
6180384,1,1,0,1,0,1,1,0
6180599,1,1,0,1,0,1,0,0
6181306,1,1,0,1,0,0,0,0
6189190,1,1,0,1,0,1,0,0
6189675,1,1,0,1,0,1,1,0
6189804,1,1,0,1,0,1,0,0
6189828,1,1,0,1,0,1,1,0
6189937,1,1,0,1,0,1,0,0
6189979,1,1,0,1,0,1,1,0
6190006,1,1,0,1,0,1,0,0
6190291,1,1,0,1,0,0,0,0
6199165,1,1,0,1,0,1,0,0
6199651,1,1,0,1,0,1,1,0
6199848,1,1,0,1,0,1,0,0
6199896,1,1,0,1,0,1,1,0
6200000,1,1,0,1,0,1,0,0
6200638,1,1,0,1,0,1,1,0
6200816,1,1,0,1,0,1,0,0
6201105,1,1,0,1,0,0,0,0
6209188,1,1,0,1,0,1,0,0
6209673,1,1,0,1,0,1,1,0
6209801,1,1,0,1,0,1,0,0
6209814,1,1,0,1,0,1,1,0
6209833,1,1,0,1,0,1,0,0
6209939,1,1,0,1,0,1,1,0
6209974,1,1,0,1,0,1,0,0
6210259,1,1,0,1,0,0,0,0
6219199,1,1,0,1,0,1,0,0
6219685,1,1,0,1,0,1,1,0
6219882,1,1,0,1,0,1,0,0
6219986,1,1,0,1,0,1,1,0
6220608,1,1,0,1,0,1,0,0
6221187,1,1,0,1,0,0,0,0
6229186,1,1,0,1,0,1,0,0
6229671,1,1,0,1,0,1,1,0
6229799,1,1,0,1,0,1,0,0
6229913,1,1,0,1,0,1,1,0
6230267,1,1,0,1,0,1,0,0
6230648,1,1,0,1,0,0,0,0
6239198,1,1,0,1,0,1,0,0
6239683,1,1,0,1,0,1,1,0
6239881,1,1,0,1,0,1,0,0
6239937,1,1,0,1,0,1,1,0
6240439,1,1,0,1,0,1,0,0
6240694,1,1,0,1,0,1,1,0
6240926,1,1,0,1,0,1,0,0
6241197,1,1,0,1,0,1,1,0
6241452,1,1,0,1,0,1,0,0
6241707,1,1,0,1,0,1,1,0
6241962,1,1,0,1,0,1,0,0
6242218,1,1,0,1,0,1,1,0
6242473,1,1,0,1,0,1,0,0
6242728,1,1,0,1,0,1,1,0
6242983,1,1,0,1,0,1,0,0
6243246,1,1,0,1,0,1,1,0
6243502,1,1,0,1,0,1,0,0
6243757,1,1,0,1,0,1,1,0
6244020,1,1,0,1,0,1,0,0
6244267,1,1,0,1,0,1,1,0
6244530,1,1,0,1,0,1,0,0
6244786,1,1,0,1,0,1,1,0
6245041,1,1,0,1,0,1,0,0
6245168,1,1,0,1,0,1,0,1
6245296,1,1,0,1,0,1,1,1
6245424,1,1,0,1,0,1,1,0
6245551,1,1,0,1,0,1,0,0
6245679,1,1,0,1,0,1,0,1
6245806,1,1,0,1,0,1,1,1
6245934,1,1,0,1,0,1,1,0
6246070,1,1,0,1,0,1,0,0
6246189,1,1,0,1,0,1,0,1
6246325,1,1,0,1,0,1,1,1
6246444,1,1,0,1,0,1,1,0
6246580,1,1,0,1,0,1,0,0
6246700,1,1,0,1,0,1,0,1
6246835,1,1,0,1,0,1,1,1
6246955,1,1,0,1,0,1,1,0
6247090,1,1,0,1,0,1,0,0
6247210,1,1,0,1,0,1,0,1
6247346,1,1,0,1,0,1,1,1
6247473,1,1,0,1,0,1,1,0
6247601,1,1,0,1,0,1,0,0
6247728,1,1,0,1,0,1,0,1
6247864,1,1,0,1,0,1,1,1
6247984,1,1,0,1,0,1,1,0
6248119,1,1,0,1,0,1,0,0
6248239,1,1,0,1,0,1,0,1
6248374,1,1,0,1,0,1,1,1
6248502,1,1,0,1,0,1,1,0
6248630,1,1,0,1,0,1,0,0
6248757,1,1,0,1,0,1,0,1
6248885,1,1,0,1,0,1,1,1
6249013,1,1,0,1,0,1,1,0
6249140,1,1,0,1,0,1,0,0
6249276,1,1,0,1,0,1,0,1
6249403,1,1,0,1,0,1,1,1
6249531,1,1,0,1,0,1,1,0
6249651,1,1,0,1,0,1,0,0
6249786,1,1,0,1,0,1,0,1
6250041,1,1,0,1,0,1,0,0
6250161,1,1,0,1,0,1,1,0
6250424,1,1,0,1,0,1,0,0
6250552,1,1,0,1,0,1,0,1
6250679,1,1,0,1,0,1,1,1
6250815,1,1,0,1,0,1,1,0
6251070,1,1,0,1,0,1,1,1
6251190,1,1,0,1,0,1,0,1
6251453,1,1,0,1,0,1,1,1
6251589,1,1,0,1,0,1,1,0
6251708,1,1,0,1,0,1,0,0
6251844,1,1,0,1,0,1,0,1
6252099,1,1,0,1,0,1,0,0
6252211,1,1,0,1,0,1,1,0
6252482,1,1,0,1,0,1,0,0
6252617,1,1,0,1,0,1,0,1
6252729,1,1,0,1,0,1,1,1
6252873,1,1,0,1,0,1,1,0
6252992,1,1,0,1,0,1,0,0
6253128,1,1,0,1,0,1,0,1
6253247,1,1,0,1,0,1,1,1
6253383,1,1,0,1,0,1,1,0
6253503,1,1,0,1,0,1,0,0
6253638,1,1,0,1,0,1,0,1
6253758,1,1,0,1,0,1,1,1
6253901,1,1,0,1,0,1,1,0
6254157,1,1,0,1,0,1,1,1
6254268,1,1,0,1,0,1,0,1
6254531,1,1,0,1,0,1,1,1
6254667,1,1,0,1,0,1,1,0
6254779,1,1,0,1,0,1,0,0
6254922,1,1,0,1,0,1,0,1
6255177,1,1,0,1,0,1,0,0
6255289,1,1,0,1,0,1,1,0
6255688,1,1,0,1,0,1,1,1
6255807,1,1,0,1,0,1,0,1
6256063,1,1,0,1,0,1,1,1
6256198,1,1,0,1,0,1,1,0
6256318,1,1,0,1,0,1,0,0
6256453,1,1,0,1,0,1,0,1
6256717,1,1,0,1,0,1,0,0
6256828,1,1,0,1,0,1,1,0
6257091,1,1,0,1,0,1,0,0
6257227,1,1,0,1,0,1,0,1
6257347,1,1,0,1,0,1,1,1
6257482,1,1,0,1,0,1,1,0
6257602,1,1,0,1,0,1,0,0
6257737,1,1,0,1,0,1,0,1
6257857,1,1,0,1,0,1,1,1
6257993,1,1,0,1,0,1,1,0
6258112,1,1,0,1,0,1,0,0
6258248,1,1,0,1,0,1,0,1
6258375,1,1,0,1,0,1,1,1
6258503,1,1,0,1,0,1,1,0
6258766,1,1,0,1,0,1,1,1
6258878,1,1,0,1,0,1,0,1
6259149,1,1,0,1,0,1,1,1
6259277,1,1,0,1,0,1,1,0
6259396,1,1,0,1,0,1,0,0
6259532,1,1,0,1,0,1,0,1
6259659,1,1,0,1,0,1,1,1
6259787,1,1,0,1,0,1,1,0
6259907,1,1,0,1,0,1,0,0
6260042,1,1,0,1,0,1,0,1
6260170,1,1,0,1,0,1,1,1
6260305,1,1,0,1,0,1,1,0
6260417,1,1,0,1,0,1,0,0
6260561,1,1,0,1,0,1,0,1
6260816,1,1,0,1,0,1,0,0
6260928,1,1,0,1,0,1,1,0
6261191,1,1,0,1,0,1,0,0
6261326,1,1,0,1,0,1,0,1
6261446,1,1,0,1,0,1,1,1
6261582,1,1,0,1,0,1,1,0
6261701,1,1,0,1,0,1,0,0
6261837,1,1,0,1,0,1,0,1
6261964,1,1,0,1,0,1,1,1
6262092,1,1,0,1,0,1,1,0
6262347,1,1,0,1,0,1,1,1
6262467,1,1,0,1,0,1,0,1
6262738,1,1,0,1,0,1,1,1
6262866,1,1,0,1,0,1,1,0
6262985,1,1,0,1,0,1,0,0
6263121,1,1,0,1,0,1,0,1
6263248,1,1,0,1,0,1,1,1
6263376,1,1,0,1,0,1,1,0
6263496,1,1,0,1,0,1,0,0
6263631,1,1,0,1,0,1,0,1
6263759,1,1,0,1,0,1,1,1
6263886,1,1,0,1,0,1,1,0
6264006,1,1,0,1,0,1,0,0
6264142,1,1,0,1,0,1,0,1
6264269,1,1,0,1,0,1,1,1
6264405,1,1,0,1,0,1,1,0
6264524,1,1,0,1,0,1,0,0
6264660,1,1,0,1,0,1,0,1
6264780,1,1,0,1,0,1,1,1
6264915,1,1,0,1,0,1,1,0
6265035,1,1,0,1,0,1,0,0
6265170,1,1,0,1,0,1,0,1
6265290,1,1,0,1,0,1,1,1
6265426,1,1,0,1,0,1,1,0
6265553,1,1,0,1,0,1,0,0
6265681,1,1,0,1,0,1,0,1
6265936,1,1,0,1,0,1,0,0
6266056,1,1,0,1,0,1,1,0
6266454,1,1,0,1,0,1,1,1
6266574,1,1,0,1,0,1,0,1
6266965,1,1,0,1,0,1,0,0
6267084,1,1,0,1,0,1,1,0
6267356,1,1,0,1,0,1,0,0
6267475,1,1,0,1,0,1,0,1
6267603,1,1,0,1,0,1,1,1
6267738,1,1,0,1,0,1,1,0
6267858,1,1,0,1,0,1,0,0
6267994,1,1,0,1,0,1,0,1
6268113,1,1,0,1,0,1,1,1
6268249,1,1,0,1,0,1,1,0
6268368,1,1,0,1,0,1,0,0
6268504,1,1,0,1,0,1,0,1
6268624,1,1,0,1,0,1,1,1
6268759,1,1,0,1,0,1,1,0
6269022,1,1,0,1,0,1,1,1
6269134,1,1,0,1,0,1,0,1
6269533,1,1,0,1,0,1,0,0
6269652,1,1,0,1,0,1,1,0
6270043,1,1,0,1,0,1,1,1
6270155,1,1,0,1,0,1,0,1
6270554,1,1,0,1,0,1,0,0
6270673,1,1,0,1,0,1,1,0
6271064,1,1,0,1,0,1,1,1
6271184,1,1,0,1,0,1,0,1
6271582,1,1,0,1,0,1,0,0
6271702,1,1,0,1,0,1,1,0
6271957,1,1,0,1,0,1,0,0
6272093,1,1,0,1,0,1,0,1
6272212,1,1,0,1,0,1,1,1
6272348,1,1,0,1,0,1,1,0
6272476,1,1,0,1,0,1,0,0
6272603,1,1,0,1,0,1,0,1
6272731,1,1,0,1,0,1,1,1
6272858,1,1,0,1,0,1,1,0
6273122,1,1,0,1,0,1,1,1
6273233,1,1,0,1,0,1,0,1
6273497,1,1,0,1,0,1,1,1
6273632,1,1,0,1,0,1,1,0
6273752,1,1,0,1,0,1,0,0
6273887,1,1,0,1,0,1,0,1
6274007,1,1,0,1,0,1,1,1
6274143,1,1,0,1,0,1,1,0
6274270,1,1,0,1,0,1,0,0
6274398,1,1,0,1,0,1,0,1
6274653,1,1,0,1,0,1,0,0
6274765,1,1,0,1,0,1,1,0
6275163,1,1,0,1,0,1,1,1
6275291,1,1,0,1,0,1,0,1
6275682,1,1,0,1,0,1,0,0
6275801,1,1,0,1,0,1,1,0
6276065,1,1,0,1,0,1,0,0
6276192,1,1,0,1,0,1,0,1
6276312,1,1,0,1,0,1,1,1
6276447,1,1,0,1,0,1,1,0
6276575,1,1,0,1,0,1,0,0
6276711,1,1,0,1,0,1,0,1
6276830,1,1,0,1,0,1,1,1
6276966,1,1,0,1,0,1,1,0
6277085,1,1,0,1,0,1,0,0
6277221,1,1,0,1,0,1,0,1
6277341,1,1,0,1,0,1,1,1
6277476,1,1,0,1,0,1,1,0
6277739,1,1,0,1,0,1,1,1
6277851,1,1,0,1,0,1,0,1
6278114,1,1,0,1,0,1,1,1
6278250,1,1,0,1,0,1,1,0
6278369,1,1,0,1,0,1,0,0
6278505,1,1,0,1,0,1,0,1
6278760,1,1,0,1,0,1,0,0
6278872,1,1,0,1,0,1,1,0
6279271,1,1,0,1,0,1,1,1
6279390,1,1,0,1,0,1,0,1
6279653,1,1,0,1,0,1,1,1
6279781,1,1,0,1,0,1,1,0
6279909,1,1,0,1,0,1,0,0
6280044,1,1,0,1,0,1,0,1
6280164,1,1,0,1,0,1,1,1
6280299,1,1,0,1,0,1,1,0
6280419,1,1,0,1,0,1,0,0
6280555,1,1,0,1,0,1,0,1
6280682,1,1,0,1,0,1,1,1
6280810,1,1,0,1,0,1,1,0
6280937,1,1,0,1,0,1,0,0
6281073,1,1,0,1,0,1,0,1
6281328,1,1,0,1,0,1,0,0
6281440,1,1,0,1,0,1,1,0
6281839,1,1,0,1,0,1,1,1
6281958,1,1,0,1,0,1,0,1
6282357,1,1,0,1,0,1,0,0
6282461,1,1,0,1,0,1,1,0
6282732,1,1,0,1,0,1,0,0
6282867,1,1,0,1,0,1,0,1
6282979,1,1,0,1,0,1,1,1
6283123,1,1,0,1,0,1,1,0
6283378,1,1,0,1,0,1,1,1
6283489,1,1,0,1,0,1,0,1
6283888,1,1,0,1,0,1,0,0
6284008,1,1,0,1,0,1,1,0
6284263,1,1,0,1,0,1,0,0
6284399,1,1,0,1,0,1,0,1
6284518,1,1,0,1,0,1,1,1
6284654,1,1,0,1,0,1,1,0
6284909,1,1,0,1,0,1,1,1
6285029,1,1,0,1,0,1,0,1
6285292,1,1,0,1,0,1,1,1
6285427,1,1,0,1,0,1,1,0
6285547,1,1,0,1,0,1,0,0
6285683,1,1,0,1,0,1,0,1
6285938,1,1,0,1,0,1,0,0
6286050,1,1,0,1,0,1,1,0
6286448,1,1,0,1,0,1,1,1
6286568,1,1,0,1,0,1,0,1
6286831,1,1,0,1,0,1,1,1
6286959,1,1,0,1,0,1,1,0
6287086,1,1,0,1,0,1,0,0
6287222,1,1,0,1,0,1,0,1
6287477,1,1,0,1,0,1,0,0
6287589,1,1,0,1,0,1,1,0
6287860,1,1,0,1,0,1,0,0
6287988,1,1,0,1,0,1,0,1
6288107,1,1,0,1,0,1,1,1
6288243,1,1,0,1,0,1,1,0
6288370,1,1,0,1,0,1,0,0
6288498,1,1,0,1,0,1,0,1
6288626,1,1,0,1,0,1,1,1
6288761,1,1,0,1,0,1,1,0
6288881,1,1,0,1,0,1,0,0
6289016,1,1,0,1,0,1,0,1
6289136,1,1,0,1,0,1,1,1
6289272,1,1,0,1,0,1,1,0
6289527,1,1,0,1,0,1,1,1
6289646,1,1,0,1,0,1,0,1
6290037,1,1,0,1,0,1,0,0
6290157,1,1,0,1,0,1,1,0
6290548,1,1,0,1,0,1,1,1
6290675,1,1,0,1,0,1,0,1
6291066,1,1,0,1,0,1,0,0
6291178,1,1,0,1,0,1,1,0
6291449,1,1,0,1,0,1,0,0
6291576,1,1,0,1,0,1,0,1
6291696,1,1,0,1,0,1,1,1
6291832,1,1,0,1,0,1,1,0
6292087,1,1,0,1,0,1,1,1
6292206,1,1,0,1,0,1,0,1
6292597,1,1,0,1,0,1,0,0
6292725,1,1,0,1,0,1,1,0
6292988,1,1,0,1,0,1,0,0
6293116,1,1,0,1,0,1,0,1
6293235,1,1,0,1,0,1,1,1
6293371,1,1,0,1,0,1,1,0
6293626,1,1,0,1,0,1,1,1
6293746,1,1,0,1,0,1,0,1
6294136,1,1,0,1,0,1,0,0
6294264,1,1,0,1,0,1,1,0
6294655,1,1,0,1,0,1,1,1
6294766,1,1,0,1,0,1,0,1
6295165,1,1,0,1,0,1,0,0
6295285,1,1,0,1,0,1,1,0
6295548,1,1,0,1,0,1,0,0
6295684,1,1,0,1,0,1,0,1
6295803,1,1,0,1,0,1,1,1
6295939,1,1,0,1,0,1,1,0
6296194,1,1,0,1,0,1,1,1
6296314,1,1,0,1,0,1,0,1
6296577,1,1,0,1,0,1,1,1
6296712,1,1,0,1,0,1,1,0
6296824,1,1,0,1,0,1,0,0
6296968,1,1,0,1,0,1,0,1
6297223,1,1,0,1,0,1,0,0
6297335,1,1,0,1,0,1,1,0
6297733,1,1,0,1,0,1,1,1
6297853,1,1,0,1,0,1,0,1
6298108,1,1,0,1,0,1,1,1
6298252,1,1,0,1,0,1,1,0
6298363,1,1,0,1,0,1,0,0
6298507,1,1,0,1,0,1,0,1
6298762,1,1,0,1,0,1,0,0
6298874,1,1,0,1,0,1,1,0
6299137,1,1,0,1,0,1,0,0
6299272,1,1,0,1,0,1,0,1
6299384,1,1,0,1,0,1,1,1
6299528,1,1,0,1,0,1,1,0
6299647,1,1,0,1,0,1,0,0
6299783,1,1,0,1,0,1,0,1
6299903,1,1,0,1,0,1,1,1
6300038,1,1,0,1,0,1,1,0
6300158,1,1,0,1,0,1,0,0
6300293,1,1,0,1,0,1,0,1
6300421,1,1,0,1,0,1,1,1
6300549,1,1,0,1,0,1,1,0
6300772,1,1,0,1,0,1,0,0
6300820,1,1,0,1,0,1,0,1
6301085,1,1,0,1,0,1,0,0
6301087,1,1,0,1,0,1,1,0
6301090,1,1,0,1,0,1,0,0
6301107,1,1,0,1,1,1,0,0
6301444,1,1,0,1,1,0,0,0
6302320,1,0,0,0,1,0,0,0
6302576,0,0,0,0,1,0,0,0
6302578,0,0,1,0,1,0,0,0
6302582,0,1,0,0,1,0,0,0
6302586,0,1,1,0,1,0,0,0
6302590,0,1,0,0,1,0,0,0
6302594,0,1,1,0,1,0,0,0
6302598,0,0,0,0,1,0,0,0
6302602,0,0,1,0,1,0,0,0
6302606,0,0,0,0,1,0,0,0
6302610,0,0,1,0,1,0,0,0
6302614,1,0,0,0,1,0,0,0
6302618,1,0,1,0,1,0,0,0
6302622,0,1,0,0,1,0,0,0
6302626,0,1,1,0,1,0,0,0
6302630,0,0,0,0,1,0,0,0
6302634,0,0,1,0,1,0,0,0
6302638,0,0,0,0,1,0,0,0
6302640,0,0,1,0,1,0,0,0
6302644,0,1,0,0,1,0,0,0
6302648,0,1,1,0,1,0,0,0
6302652,0,1,0,0,1,0,0,0
6302655,0,1,0,0,0,0,0,0
6302656,0,1,1,0,0,0,0,0
6302660,0,1,0,0,0,0,0,0
6302664,0,1,1,0,0,0,0,0
6302668,0,0,0,0,0,0,0,0
6302672,0,0,1,0,0,0,0,0
6302676,0,0,0,0,0,0,0,0
6302680,0,0,1,0,0,0,0,0
6302684,0,0,0,0,0,0,0,0
6302688,0,0,1,0,0,0,0,0
6302692,0,0,0,0,0,0,0,0
6302696,0,0,1,0,0,0,0,0
6302700,0,0,0,0,0,0,0,0
6302701,0,1,0,0,0,0,0,0
6302702,0,1,1,0,0,0,0,0
6302706,0,0,0,0,0,0,0,0
6302710,0,0,1,0,0,0,0,0
6302714,0,0,0,0,0,0,0,0
6302718,0,0,1,0,0,0,0,0
6302722,0,0,0,0,0,0,0,0
6302726,0,0,1,0,0,0,0,0
6302730,0,0,0,0,0,0,0,0
6302734,0,0,1,0,0,0,0,0
6302738,0,0,0,0,0,0,0,0
6302742,0,0,1,0,0,0,0,0
6302746,0,0,0,0,0,0,0,0
6302750,0,0,1,0,0,0,0,0
6302754,0,0,0,0,0,0,0,0
6302758,0,0,1,0,0,0,0,0
6302762,0,0,0,0,0,0,0,0
6302764,0,0,1,0,0,0,0,0
6302768,0,1,0,0,0,0,0,0
6302772,0,1,1,0,0,0,0,0
6302776,0,0,0,0,0,0,0,0
6302780,0,0,1,0,0,0,0,0
6302784,0,0,0,0,0,0,0,0
6302788,0,0,1,0,0,0,0,0
6302792,0,0,0,0,0,0,0,0
6302796,0,0,1,0,0,0,0,0
6302800,0,0,0,0,0,0,0,0
6302804,0,0,1,0,0,0,0,0
6302808,0,0,0,0,0,0,0,0
6302812,0,0,1,0,0,0,0,0
6302816,0,1,0,0,0,0,0,0
6302820,0,1,1,0,0,0,0,0
6302824,1,0,0,0,0,0,0,0
6303030,1,0,0,1,0,0,0,0
6303032,1,1,0,1,0,0,0,0
6303164,1,0,0,0,0,0,0,0
6303420,0,0,0,0,0,0,0,0
6303422,0,0,1,0,0,0,0,0
6303426,0,0,0,0,0,0,0,0
6303430,0,0,1,0,0,0,0,0
6303434,0,0,0,0,0,0,0,0
6303438,0,0,1,0,0,0,0,0
6303442,0,0,0,0,0,0,0,0
6303446,0,0,1,0,0,0,0,0
6303450,0,0,0,0,0,0,0,0
6303454,0,0,1,0,0,0,0,0
6303458,0,0,0,0,0,0,0,0
6303462,0,0,1,0,0,0,0,0
6303466,0,0,0,0,0,0,0,0
6303470,0,0,1,0,0,0,0,0
6303474,1,0,0,0,0,0,0,0
6303478,1,0,1,0,0,0,0,0
6303482,0,0,0,0,0,0,0,0
6303484,0,0,1,0,0,0,0,0
6303488,0,0,0,0,0,0,0,0
6303492,0,0,1,0,0,0,0,0
6303496,0,0,0,0,0,0,0,0
6303500,0,0,1,0,0,0,0,0
6303504,0,0,0,0,0,0,0,0
6303508,0,0,1,0,0,0,0,0
6303512,0,0,0,0,0,0,0,0
6303516,0,0,1,0,0,0,0,0
6303520,0,0,0,0,0,0,0,0
6303524,0,0,1,0,0,0,0,0
6303528,0,0,0,0,0,0,0,0
6303532,0,0,1,0,0,0,0,0
6303536,0,0,0,0,0,0,0,0
6303540,0,0,1,0,0,0,0,0
6303544,0,0,0,0,0,0,0,0
6303546,0,0,1,0,0,0,0,0
6303550,0,0,0,0,0,0,0,0
6303554,0,0,1,0,0,0,0,0
6303558,0,0,0,0,0,0,0,0
6303562,0,0,1,0,0,0,0,0
6303566,0,0,0,0,0,0,0,0
6303570,0,0,1,0,0,0,0,0
6303574,0,1,0,0,0,0,0,0
6303578,0,1,1,0,0,0,0,0
6303582,0,1,0,0,0,0,0,0
6303586,0,1,1,0,0,0,0,0
6303590,0,0,0,0,0,0,0,0
6303594,0,0,1,0,0,0,0,0
6303598,0,1,0,0,0,0,0,0
6303602,0,1,1,0,0,0,0,0
6303606,1,0,0,0,0,0,0,0
6303846,1,0,0,1,0,0,0,0
6303847,1,1,0,1,0,0,0,0
6304000,1,0,0,0,0,0,0,0
6304257,0,0,0,0,0,0,0,0
6304259,0,0,1,0,0,0,0,0
6304263,0,0,0,0,0,0,0,0
6304267,0,0,1,0,0,0,0,0
6304271,0,0,0,0,0,0,0,0
6304275,0,0,1,0,0,0,0,0
6304279,0,0,0,0,0,0,0,0
6304283,0,0,1,0,0,0,0,0
6304287,0,0,0,0,0,0,0,0
6304291,0,0,1,0,0,0,0,0
6304295,1,0,0,0,0,0,0,0
6304299,1,0,1,0,0,0,0,0
6304303,1,0,0,0,0,0,0,0
6304307,1,0,1,0,0,0,0,0
6304311,0,0,0,0,0,0,0,0
6304315,0,0,1,0,0,0,0,0
6304319,0,0,0,0,0,0,0,0
6304321,0,0,1,0,0,0,0,0
6304325,0,0,0,0,0,0,0,0
6304329,0,0,1,0,0,0,0,0
6304333,0,0,0,0,0,0,0,0
6304337,0,0,1,0,0,0,0,0
6304341,0,0,0,0,0,0,0,0
6304345,0,0,1,0,0,0,0,0
6304349,1,0,0,0,0,0,0,0
6304353,1,0,1,0,0,0,0,0
6304357,1,0,0,0,0,0,0,0
6304361,1,0,1,0,0,0,0,0
6304365,0,0,0,0,0,0,0,0
6304369,0,0,1,0,0,0,0,0
6304373,1,0,0,0,0,0,0,0
6304377,1,0,1,0,0,0,0,0
6304381,0,0,0,0,0,0,0,0
6304383,0,0,1,0,0,0,0,0
6304387,0,0,0,0,0,0,0,0
6304391,0,0,1,0,0,0,0,0
6304395,0,0,0,0,0,0,0,0
6304399,0,0,1,0,0,0,0,0
6304403,0,0,0,0,0,0,0,0
6304407,0,0,1,0,0,0,0,0
6304411,0,0,0,0,0,0,0,0
6304415,0,0,1,0,0,0,0,0
6304419,0,0,0,0,0,0,0,0
6304423,0,0,1,0,0,0,0,0
6304427,0,0,0,0,0,0,0,0
6304431,0,0,1,0,0,0,0,0
6304435,0,0,0,0,0,0,0,0
6304439,0,0,1,0,0,0,0,0
6304443,0,0,0,0,0,0,0,0
6304445,0,0,1,0,0,0,0,0
6304449,0,0,0,0,0,0,0,0
6304453,0,0,1,0,0,0,0,0
6304457,0,1,0,0,0,0,0,0
6304461,0,1,1,0,0,0,0,0
6304465,0,1,0,0,0,0,0,0
6304469,0,1,1,0,0,0,0,0
6304473,0,1,0,0,0,0,0,0
6304477,0,1,1,0,0,0,0,0
6304481,0,1,0,0,0,0,0,0
6304485,0,1,1,0,0,0,0,0
6304489,0,0,0,0,0,0,0,0
6304493,0,0,1,0,0,0,0,0
6304497,0,0,0,0,0,0,0,0
6304501,0,0,1,0,0,0,0,0
6304505,0,0,0,0,0,0,0,0
6304506,0,1,0,0,0,0,0,0
6304507,0,1,1,0,0,0,0,0
6304511,0,0,0,0,0,0,0,0
6304515,0,0,1,0,0,0,0,0
6304519,0,0,0,0,0,0,0,0
6304523,0,0,1,0,0,0,0,0
6304527,0,1,0,0,0,0,0,0
6304531,0,1,1,0,0,0,0,0
6304535,0,1,0,0,0,0,0,0
6304539,0,1,1,0,0,0,0,0
6304543,0,1,0,0,0,0,0,0
6304547,0,1,1,0,0,0,0,0
6304551,0,1,0,0,0,0,0,0
6304555,0,1,1,0,0,0,0,0
6304559,0,0,0,0,0,0,0,0
6304563,0,0,1,0,0,0,0,0
6304567,0,0,0,0,0,0,0,0
6304569,0,0,1,0,0,0,0,0
6304573,0,0,0,0,0,0,0,0
6304577,0,0,1,0,0,0,0,0
6304581,0,0,0,0,0,0,0,0
